Interaction;Frequency
Pi-Stacking:TRP336A;24
Hydrogen_Bond:ASP335A;22
Hydrogen_Bond:TYR466A;16
Hydrophobic_Interaction:TYR466A;14
Hydrophobic_Interaction:ASN472A;13
Hydrophobic_Interaction:TRP336A;11
Pi-Stacking:HIS524A;10
Hydrophobic_Interaction:MET339A;10
Water_Bridge:ASN472A;10
Water_Bridge:TYR343A;10
Hydrophobic_Interaction:ALA476A;7
Hydrogen_Bond:GLN384A;6
Hydrophobic_Interaction:VAL498A;6
Hydrophobic_Interaction:TRP525A;6
Hydrophobic_Interaction:PHE267A;5
Hydrophobic_Interaction:TYR343A;5
Hydrophobic_Interaction:LEU499A;5
Hydrophobic_Interaction:TYR383A;5
Hydrophobic_Interaction:THR360A;5
Hydrophobic_Interaction:TRP473A;5
Hydrogen_Bond:HIS524A;4
Hydrophobic_Interaction:ILE375A;4
Hydrophobic_Interaction:HIS524A;4
Hydrophobic_Interaction:PRO371A;4
Halogen_Bond:ASP496A;3
Pi-Cation_Interaction:HIS524A;2
Hydrogen_Bond:TRP336A;1
Hydrophobic_Interaction:LEU408A;1
Hydrophobic_Interaction:PHE381A;1
Water_Bridge:PHE267A;1
Pi-Stacking:TRP525A;1
Hydrogen_Bond:ASN472A;1
Hydrophobic_Interaction:ASP335A;1
Hydrophobic_Interaction:ALA365A;1
Halogen_Bond:TYR343A;1
